ID,주거형태,위치,주소,도로명주소,xy좌표,이화여대시간,연세대시간,서강대시간,보증금,월세,관리비,전용면적,비고,음식점,카페,병원/의료,은행,마트/슈퍼,편의점,생활/편의,영화/공연,스포츠시설,관공서,특이사항,편의시설점수,실내환경1,실내환경2,실내환경3,실내환경4,실내환경5,실내환경6,실내환경7,실내환경8,실외환경1,실외환경2,주변편의시설1,주변편의시설2,공동시설1,공동시설2,공동시설3,공동시설4,공동시설5,공동시설6,실내환경설문,실외환경설문,주변편의설문,공동시설설문,환산비용
한우리집,기숙사,이화여대,서대문구 북아현동 11-1,서대문구 이화여대길 52,"126.9502882721,37.5644640671,서대문구 이화여대길 52",0,16,33,0.0,33.0,0.0,,기숙사 2인실,1.0,2.0,0.0,0.0,0.0,1.0,0.0,0.0,1.0,0.0,,-0.6849373139356761,3.3333333333333335,3.0,3.6666666666666665,3.6666666666666665,4.0,3.6666666666666665,3.3333333333333335,3.6666666666666665,3.6666666666666665,3.6666666666666665,4.0,3.6666666666666665,3.3333333333333335,3.3333333333333335,4.333333333333333,3.6666666666666665,4.0,4.0,3.541666666666667,3.6666666666666665,3.833333333333333,3.7777777777777772,6600.0
E-house,기숙사,이화여대,서대문구 북아현동 1-1612,서대문구 이화여대길 52,"126.9502882721,37.5644640671,서대문구 이화여대길 52",0,16,33,0.0,25.0,0.0,,기숙사 2인실,1.0,2.0,0.0,1.0,0.0,1.0,2.0,0.0,1.0,0.0,,-0.5544818083482328,2.6666666666666665,2.6666666666666665,4.333333333333333,4.0,4.666666666666667,3.6666666666666665,4.666666666666667,3.3333333333333335,3.6666666666666665,4.666666666666667,4.0,4.0,4.0,3.0,5.0,4.666666666666667,3.6666666666666665,3.6666666666666665,3.75,4.166666666666667,4.0,4.000000000000001,5000.0
I-house,기숙사,이화여대,서대문구 대신동 35-1,서대문구 이화여대길 52,"126.9502882721,37.5644640671,서대문구 이화여대길 52",0,16,33,0.0,29.0,0.0,,기숙사 2인실,1.0,0.0,0.0,0.0,1.0,1.0,3.0,0.0,1.0,0.0,,-0.5769427584075636,3.6666666666666665,3.3333333333333335,4.333333333333333,4.666666666666667,4.666666666666667,4.333333333333333,4.0,3.6666666666666665,3.6666666666666665,4.333333333333333,4.0,4.333333333333333,4.0,3.6666666666666665,4.666666666666667,4.666666666666667,3.0,3.6666666666666665,4.083333333333333,4.0,4.166666666666666,3.9444444444444446,5800.0
무악학사,기숙사,연세대,서대문구 연희동 7,서대문구 연세로 50,"126.942931621,37.5638048151,서대문구 연세로 50",16,0,36,0.0,20.0,0.0,2.5,기숙사,1.0,0.0,0.0,0.0,0.0,1.0,0.0,0.0,1.0,0.0,,-0.7037002100057983,2.6666666666666665,2.3333333333333335,4.333333333333333,3.3333333333333335,3.6666666666666665,3.6666666666666665,2.6666666666666665,2.6666666666666665,3.3333333333333335,4.0,4.666666666666667,4.333333333333333,3.3333333333333335,3.6666666666666665,3.6666666666666665,4.333333333333333,3.0,4.333333333333333,3.1666666666666665,3.666666666666667,4.5,3.722222222222222,4000.0
곤자가국제학사,기숙사,서강대,마포구 대흥동 1-1,마포구 백범로 35,"126.9430270357,37.5514684075,마포구 백범로 35",31,34,3,0.0,45.0,0.0,,기숙사 2인실,9.0,4.0,0.0,1.0,0.0,1.0,6.0,0.0,0.0,0.0,종합 편의시설 곤자가플라자 위치,-0.510027113955046,3.0,3.0,5.0,4.0,3.6666666666666665,3.3333333333333335,3.0,4.0,3.0,3.3333333333333335,5.0,4.333333333333333,3.6666666666666665,3.0,4.0,4.333333333333333,3.0,3.0,3.625,3.166666666666667,4.666666666666666,3.5,9000.0
벨라르미노학사,기숙사,서강대,마포구 신수동 22-2,마포구 서강대길 18,"126.9401318126,37.5491423995,마포구 서강대길 18",35,34,9,0.0,26.0,0.0,,기숙사 4인실,8.0,3.0,1.0,1.0,0.0,3.0,8.0,0.0,2.0,0.0,종합 편의시설 곤자가플라자 위치,-0.2695851672073992,2.3333333333333335,3.6666666666666665,4.333333333333333,4.333333333333333,3.3333333333333335,4.0,3.3333333333333335,3.0,3.3333333333333335,3.0,5.0,4.666666666666667,3.0,3.0,3.6666666666666665,4.333333333333333,3.3333333333333335,3.6666666666666665,3.541666666666667,3.166666666666667,4.833333333333334,3.5,5200.0
그레이스 하우스,원룸,대현동,서대문구 대현동 37-18,서대문구 이화여대5길 23,"126.9444343383,37.5582373724,서대문구 이화여대5길 23",16,16,20,1000.0,50.0,8.0,6.0,,91.0,43.0,3.0,0.0,1.0,4.0,62.0,1.0,6.0,0.0,,1.2695644500247034,4.333333333333333,4.666666666666667,5.0,4.666666666666667,5.0,4.666666666666667,4.333333333333333,3.6666666666666665,3.6666666666666665,3.6666666666666665,5.0,3.0,3.6666666666666665,3.6666666666666665,3.3333333333333335,4.0,5.0,5.0,4.541666666666667,3.6666666666666665,4.0,4.111111111111111,12600.0
이화랑,원룸,대현동,서대문구 대현동 53-33,서대문구 이화여대2가길 8,"126.9463315555,37.5577336916,서대문구 이화여대2가길 8",16,19,18,1000.0,55.0,0.0,,,41.0,28.0,13.0,1.0,0.0,4.0,37.0,0.0,2.0,1.0,,0.6495192925202778,2.6666666666666665,4.0,4.666666666666667,4.333333333333333,3.6666666666666665,3.3333333333333335,4.0,4.0,4.0,3.3333333333333335,5.0,4.333333333333333,3.6666666666666665,3.0,2.6666666666666665,4.0,5.0,5.0,3.833333333333333,3.666666666666667,4.666666666666666,3.888888888888889,12000.0
마에스트로,원룸,대현동,서대문구 대현동 150,서대문구 이화여대2나길 11,"126.9464717555,37.5579283706,서대문구 이화여대2나길 11",16,20,19,1000.0,70.0,0.0,4.0,,43.0,18.0,8.0,1.0,0.0,4.0,32.0,0.0,1.0,2.0,,0.5139695305514959,3.0,4.0,4.333333333333333,4.333333333333333,3.0,4.333333333333333,4.0,4.333333333333333,3.6666666666666665,4.0,4.0,4.333333333333333,3.0,3.3333333333333335,3.3333333333333335,3.6666666666666665,5.0,5.0,3.916666666666666,3.833333333333333,4.166666666666666,3.8888888888888893,15000.0
인비따레 오피스텔,원룸,대현동,서대문구 대현동 45-5,서대문구 신촌로 169,"126.9448653609,37.5569509504,서대문구 신촌로 169",18,19,17,1000.0,65.0,0.0,7.0,,25.0,14.0,10.0,1.0,0.0,3.0,22.0,0.0,3.0,3.0,,0.4435480327120156,4.333333333333333,4.666666666666667,5.0,4.666666666666667,3.6666666666666665,3.3333333333333335,4.0,3.6666666666666665,4.333333333333333,4.0,4.0,2.6666666666666665,3.0,4.0,3.6666666666666665,3.6666666666666665,5.0,5.0,4.166666666666667,4.166666666666666,3.333333333333333,4.055555555555555,14000.0
진탁주택,원룸,연희동,서대문구 연희동 339-64,서대문구 연희로10가길 12,"126.9324593237,37.564170499,서대문구 연희로10가길 12",37,24,36,500.0,47.0,0.0,8.0,,6.0,3.0,0.0,0.0,0.0,2.0,0.0,0.0,0.0,0.0,,-0.6240067092243329,4.666666666666667,4.666666666666667,5.0,4.0,2.3333333333333335,3.0,4.0,3.6666666666666665,3.3333333333333335,4.0,4.0,4.0,3.6666666666666665,4.333333333333333,3.3333333333333335,4.0,5.0,5.0,3.916666666666667,3.666666666666667,4.0,4.222222222222222,9900.0
연희 노블레스,원룸,연희동,서대문구 연희동 136-12,서대문구 연희로 12길 13,"126.9318319794,37.5669740378,서대문구 연희로 12길 13",42,30,42,1000.0,50.0,0.0,10.0,,6.0,3.0,13.0,2.0,1.0,3.0,14.0,0.0,2.0,0.0,,0.12908487686610332,5.0,5.0,5.0,4.333333333333333,4.666666666666667,3.6666666666666665,3.6666666666666665,3.0,3.0,4.333333333333333,4.333333333333333,3.0,4.0,4.0,3.3333333333333335,4.0,5.0,5.0,4.291666666666666,3.6666666666666665,3.6666666666666665,4.222222222222222,11000.0
대우아트빌,원룸,연희동,서대문구 연희동 353-86,서대문구 연희로 38-18,"126.9284410397,37.5619733049,서대문구 연희로 38-18",43,31,36,1000.0,62.0,0.0,8.0,,23.0,11.0,6.0,1.0,3.0,3.0,13.0,0.0,1.0,1.0,,0.3230938127890195,4.333333333333333,5.0,5.0,4.333333333333333,2.6666666666666665,4.0,3.3333333333333335,4.333333333333333,4.0,4.0,4.666666666666667,3.0,4.0,4.0,3.6666666666666665,4.0,5.0,5.0,4.125,4.0,3.8333333333333335,4.277777777777778,13400.0
연희동 원룸1,원룸,연희동,서대문구 연희동 302-8,서대문구 연희로12길 28-14,"126.932697512,37.5661348063,서대문구 연희로12길 28-14",40,28,40,1000.0,45.0,0.0,6.3,,3.0,1.0,0.0,0.0,0.0,3.0,8.0,0.0,0.0,0.0,,-0.5155091821657805,3.0,4.0,4.666666666666667,4.666666666666667,2.3333333333333335,2.6666666666666665,3.3333333333333335,4.0,4.0,4.0,4.0,4.0,2.6666666666666665,4.333333333333333,3.3333333333333335,4.666666666666667,5.0,5.0,3.583333333333334,4.0,4.0,4.166666666666667,10000.0
힐탑하우스,원룸,연희동,서대문구 연희동 48-16,서대문구 연희로16길 16,"126.9325602875,37.5676844407,서대문구 연희로16길 16",44,32,44,500.0,43.0,0.0,7.5,,11.0,5.0,5.0,1.0,0.0,1.0,3.0,0.0,2.0,0.0,,-0.37756849948184584,3.0,4.333333333333333,4.333333333333333,4.333333333333333,3.6666666666666665,3.6666666666666665,3.6666666666666665,4.0,3.3333333333333335,3.3333333333333335,4.333333333333333,3.0,4.333333333333333,4.0,4.0,4.0,5.0,5.0,3.875,3.3333333333333335,3.6666666666666665,4.388888888888888,9100.0
아남 오피스텔,원룸,창천동,서대문구 창천동 20-41,서대문구 신촌로 121,"126.9392977249,37.5562057975,서대문구 신촌로 121",25,18,18,1000.0,63.0,0.0,7.8,,20.0,11.0,12.0,1.0,1.0,2.0,8.0,1.0,6.0,2.0,,0.48301139147867644,3.6666666666666665,3.6666666666666665,5.0,3.6666666666666665,4.333333333333333,3.0,3.3333333333333335,3.0,3.0,3.0,4.0,3.6666666666666665,3.6666666666666665,3.3333333333333335,3.6666666666666665,4.666666666666667,5.0,5.0,3.7083333333333335,3.0,3.833333333333333,4.222222222222222,13600.0
창천동 원룸1,원룸,창천동,서대문구 창천동 78-20,서대문구 연세로 13길 9,"126.9364024747,37.5591595441,서대문구 연세로 13길 9",25,14,23,2000.0,50.0,0.0,5.0,,45.0,16.0,11.0,1.0,0.0,2.0,12.0,0.0,4.0,0.0,,0.16423652938974703,3.0,3.0,4.5,3.5,2.0,3.5,2.5,3.0,4.5,4.5,4.5,4.5,2.5,4.5,4.5,4.0,5.0,5.0,3.125,4.5,4.5,4.25,12000.0
창천동 원룸2,원룸,창천동,서대문구 창천동 62-38,서대문구 연세로5나길 43-3,"126.9336744684,37.55704971,서대문구 연세로5나길 43-3",30,22,22,1000.0,50.0,0.0,6.0,,46.0,6.0,11.0,2.0,1.0,4.0,5.0,1.0,5.0,0.0,,0.5377955446360796,3.3333333333333335,3.3333333333333335,4.666666666666667,4.0,1.6666666666666667,4.333333333333333,4.0,4.0,2.3333333333333335,2.6666666666666665,4.333333333333333,3.0,3.3333333333333335,4.0,3.6666666666666665,4.333333333333333,5.0,5.0,3.666666666666667,2.5,3.6666666666666665,4.222222222222222,11000.0
서연,원룸,창천동,서대문구 창천동 100-81,서대문구 신촌로7안길 28,"126.9310147173,37.5596358494,서대문구 신촌로7안길 28",33,23,27,2000.0,50.0,0.0,8.0,,0.0,0.0,0.0,0.0,0.0,0.0,2.0,0.0,0.0,0.0,,-0.8034954267963125,3.6666666666666665,4.333333333333333,4.333333333333333,2.3333333333333335,2.3333333333333335,3.6666666666666665,3.3333333333333335,5.0,3.6666666666666665,4.666666666666667,5.0,4.666666666666667,4.0,3.3333333333333335,4.333333333333333,3.6666666666666665,5.0,5.0,3.625,4.166666666666667,4.833333333333334,4.222222222222222,12000.0
창천동 원룸3,원룸,창천동,서대문구 창천동 90-36,서대문구 신촌로7길 57,"126.9327033799,37.5596115961,서대문구 신촌로7길 57",33,22,27,1000.0,40.0,0.0,4.0,,0.0,0.0,0.0,0.0,0.0,1.0,1.0,0.0,0.0,0.0,,-0.7400552711560725,2.3333333333333335,2.0,3.6666666666666665,2.6666666666666665,4.666666666666667,5.0,4.666666666666667,4.666666666666667,4.333333333333333,4.666666666666667,5.0,3.3333333333333335,3.6666666666666665,0.0,4.333333333333333,2.3333333333333335,5.0,5.0,3.7083333333333335,4.5,4.166666666666667,3.3888888888888893,9000.0
신영스카이텔,원룸,창천동,서대문구 창천동 20-51,서대문구 신촌로 119,"126.9390170817,37.5561696129,서대문구 신촌로 119",25,18,18,1000.0,70.0,0.0,8.6,,17.0,12.0,15.0,1.0,1.0,2.0,8.0,0.0,5.0,2.0,,0.35174575072929315,1.6666666666666667,5.0,4.666666666666667,3.3333333333333335,2.3333333333333335,4.666666666666667,4.333333333333333,4.0,3.3333333333333335,4.666666666666667,4.333333333333333,4.333333333333333,3.6666666666666665,4.333333333333333,4.0,4.666666666666667,5.0,5.0,3.75,4.0,4.333333333333333,4.444444444444445,15000.0
르메이에르타운5,원룸,창천동,서대문구 창천동 29-81,서대문구 신촌로 109,"126.9377996069,37.5558302028,서대문구 신촌로 109",28,19,18,1000.0,65.0,0.0,9.5,,33.0,16.0,20.0,2.0,1.0,2.0,8.0,0.0,7.0,2.0,,0.7083372820611462,2.6666666666666665,3.3333333333333335,2.6666666666666665,3.6666666666666665,4.333333333333333,4.0,4.666666666666667,4.666666666666667,3.6666666666666665,4.666666666666667,5.0,5.0,4.333333333333333,3.6666666666666665,5.0,4.666666666666667,5.0,5.0,3.7499999999999996,4.166666666666667,5.0,4.611111111111112,14000.0
라인빌,원룸,창천동,서대문구 창천동 4-114,서대문구 연세로2다길 37,"126.9401298526,37.5572513792,서대문구 연세로2다길 37",23,17,21,1000.0,65.0,0.0,3.6,,6.0,3.0,6.0,0.0,0.0,2.0,2.0,1.0,1.0,2.0,,-0.18900684084871894,2.5,1.5,4.0,5.0,4.0,3.5,4.0,4.0,3.5,3.5,4.5,4.5,3.0,0.0,4.0,4.0,5.0,5.0,3.5625,3.5,4.5,3.5,14000.0
창천동 원룸4,원룸,창천동,서대문구 창천동 4-30,서대문구 연세로2라길 37-15,"126.941120699,37.5579834872,서대문구 연세로2라길 37-15",21,14,24,1000.0,65.0,0.0,15.0,,14.0,1.0,0.0,0.0,0.0,2.0,4.0,0.0,0.0,0.0,,-0.5763498341208806,3.0,1.0,3.0,4.0,4.0,4.0,5.0,4.0,4.0,3.0,5.0,3.0,4.0,0.0,4.0,5.0,5.0,5.0,3.5,3.5,4.0,3.8333333333333335,14000.0
대신동 원룸,원룸,대신동,서대문구 신촌동 2-195,서대문구 성산로 24길 1-18,"126.9479952161,37.5675589013,서대문구 성산로 24길 1-18",14,12,43,500.0,35.0,0.0,,,0.0,1.0,1.0,0.0,0.0,0.0,1.0,0.0,0.0,0.0,,-0.7908007742520973,4.5,3.5,2.5,2.5,4.0,3.5,4.0,4.5,3.5,3.5,4.5,4.0,4.5,0.0,4.5,5.0,5.0,5.0,3.625,3.5,4.25,4.0,7500.0
제이스퀘어,원룸,대신동,서대문구 신촌동 2-97,서대문구 성산로 24길 9,"126.9476876675,37.5670830397,서대문구 성산로 24길 9",13,11,43,1000.0,70.0,0.0,,,2.0,1.0,0.0,1.0,1.0,2.0,2.0,0.0,0.0,0.0,,-0.427216789093519,4.666666666666667,4.0,4.0,3.0,2.0,3.6666666666666665,3.6666666666666665,4.0,4.333333333333333,3.6666666666666665,4.333333333333333,4.0,3.6666666666666665,0.0,3.3333333333333335,4.666666666666667,5.0,5.0,3.625,4.0,4.166666666666666,3.611111111111111,15000.0
홍익오피스텔,원룸,대신동,서대문구 신촌동 1-9,서대문구 성산로 573-74,"126.9471440583,37.5674972556,서대문구 성산로 573-74",17,11,43,1000.0,65.0,0.0,,,2.0,5.0,1.0,1.0,0.0,3.0,2.0,0.0,0.0,0.0,,-0.40744381141234143,4.5,3.5,4.5,3.5,3.0,3.5,5.0,5.0,4.5,3.5,1.5,2.5,4.5,0.0,4.5,4.5,5.0,5.0,4.0625,4.0,2.0,3.9166666666666665,14000.0
리더스힐,원룸,대신동,서대문구 대신동 124-4,서대문구 연대동문길 122,"126.9460212763,37.5673886281,서대문구 연대동문길 122",17,10,43,1000.0,55.0,0.0,,,3.0,4.0,2.0,1.0,0.0,4.0,2.0,0.0,0.0,0.0,,-0.32909404480437926,4.666666666666667,3.3333333333333335,3.3333333333333335,3.3333333333333335,3.0,3.6666666666666665,5.0,3.0,3.6666666666666665,3.0,2.3333333333333335,2.3333333333333335,4.0,0.0,4.0,5.0,5.0,5.0,3.666666666666667,3.333333333333333,2.3333333333333335,3.8333333333333335,12000.0
대신동 원룸2,원룸,대신동,서대문구 대신동 127-18,서대문구 연대동문길 140,"126.9457308684,37.5682678667,서대문구 연대동문길 140",19,12,44,1000.0,45.0,0.0,4.5,,0.0,0.0,1.0,0.0,0.0,1.0,1.0,0.0,0.0,0.0,,-0.7282918112489635,3.0,4.0,4.0,4.0,4.0,4.0,3.0,4.0,3.0,3.0,4.0,5.0,4.0,0.0,3.0,3.0,5.0,5.0,3.75,3.0,4.5,3.3333333333333335,10000.0
한지원룸,원룸,대신동,서대문구 대신동 144,서대문구 연대동문길 113,"126.9458088133,37.566923617,서대문구 연대동문길 113",16,10,42,1000.0,50.0,0.0,,,3.0,4.0,2.0,1.0,0.0,4.0,2.0,0.0,0.0,0.0,,-0.32909404480437926,4.333333333333333,1.6666666666666667,4.666666666666667,1.6666666666666667,2.6666666666666665,3.3333333333333335,3.6666666666666665,4.0,2.3333333333333335,2.6666666666666665,3.3333333333333335,3.0,2.6666666666666665,0.0,2.6666666666666665,3.0,5.0,5.0,3.25,2.5,3.166666666666667,3.0555555555555554,11000.0
그레이스타워,원룸,대신동,서대문구 대신동 139-7,서대문구 연대동문1길 34,"126.9451918202,37.568609996,서대문구 연대동문1길 34",20,13,46,1000.0,52.0,0.0,7.0,,1.0,0.0,0.0,0.0,0.0,0.0,0.0,0.0,0.0,0.0,,-0.8163185938945026,4.0,4.666666666666667,3.3333333333333335,1.3333333333333333,1.6666666666666667,4.333333333333333,4.0,3.6666666666666665,4.0,3.0,3.0,3.0,3.6666666666666665,0.0,3.3333333333333335,3.0,5.0,5.0,3.375,3.5,3.0,3.3333333333333335,11400.0
대신동 원룸3,원룸,대신동,서대문구 대신동 16-12,서대문구 성산로 492,"126.9417203171,37.5611733137,서대문구 성산로 492",17,7,30,500.0,40.0,0.0,4.0,,2.0,0.0,3.0,1.0,0.0,2.0,0.0,0.0,0.0,0.0,"세브,란스병원 인접",-0.5196150536075328,1.6666666666666667,2.0,5.0,3.3333333333333335,2.3333333333333335,3.0,2.6666666666666665,3.3333333333333335,3.6666666666666665,4.666666666666667,3.3333333333333335,3.6666666666666665,2.3333333333333335,0.0,3.6666666666666665,3.6666666666666665,5.0,5.0,2.916666666666667,4.166666666666667,3.5,3.2777777777777772,8500.0
금란빌라,원룸,대신동,서대문구 대신동 127-27,연대동문길 128,"126.9459486879,37.567590418,연대동문길 128",18,11,43,1000.0,70.0,0.0,9.7,,3.0,1.0,1.0,1.0,0.0,3.0,2.0,0.0,0.0,0.0,,-0.4408922598548662,1.5,3.0,3.5,4.0,4.0,1.5,1.0,2.0,3.0,4.0,3.0,2.0,2.0,0.0,3.5,4.5,5.0,5.0,2.5625,3.5,2.5,3.3333333333333335,15000.0
드림힐,원룸,대신동,서대문구 대신동 127-25,서대문구 연대동문길 132,"126.945885165,37.567777796,서대문구 연대동문길 132",18,11,44,500.0,45.0,0.0,7.0,,1.0,1.0,1.0,1.0,0.0,2.0,2.0,0.0,0.0,0.0,,-0.5209373582884997,4.0,3.0,3.5,2.5,1.5,1.0,3.5,4.5,4.5,3.5,2.5,2.5,3.0,0.0,2.5,2.5,5.0,5.0,2.9375,4.0,2.5,3.0,9500.0
McCoy 하우스,원룸,노고산동,마포구 노고산동 54-30,마포구 신촌로16길 22,"126.9344370205,37.5547543945,마포구 신촌로16길 22",33,25,18,7500.0,20.0,0.0,8.0,,53.0,10.0,29.0,0.0,3.0,3.0,18.0,0.0,3.0,1.0,현대백화점 근접,0.7167444814483086,2.3333333333333335,4.0,2.6666666666666665,4.333333333333333,5.0,4.333333333333333,3.6666666666666665,3.6666666666666665,2.3333333333333335,2.3333333333333335,1.3333333333333333,1.6666666666666667,3.0,0.0,2.3333333333333335,2.3333333333333335,5.0,5.0,3.75,2.3333333333333335,1.5,2.9444444444444446,11500.0
동원주택,원룸,노고산동,마포구 노고산동 107-75,마포구 서강로18길 43-6,"126.9364989906,37.5521210038,마포구 서강로18길 43-6",34,28,12,1000.0,50.0,0.0,7.0,,12.0,6.0,1.0,0.0,0.0,2.0,1.0,0.0,3.0,0.0,,-0.42900066907624057,1.6666666666666667,4.333333333333333,4.666666666666667,3.6666666666666665,3.0,4.333333333333333,4.666666666666667,3.3333333333333335,4.666666666666667,3.0,1.6666666666666667,2.0,2.3333333333333335,0.0,2.3333333333333335,3.0,5.0,5.0,3.708333333333333,3.8333333333333335,1.8333333333333335,2.9444444444444446,11000.0
우정마샹스,원룸,노고산동,마포구 노고산동 107-17,마포구 백범로 8,"126.9367327903,37.5540024129,마포구 백범로 8",31,24,13,400.0,30.0,0.0,4.0,,51.0,3.0,27.0,2.0,1.0,5.0,8.0,0.0,3.0,1.0,,0.7029676248643928,2.6666666666666665,3.6666666666666665,3.0,3.6666666666666665,3.6666666666666665,3.3333333333333335,3.6666666666666665,3.0,4.0,3.3333333333333335,4.333333333333333,4.0,3.3333333333333335,3.3333333333333335,4.0,4.0,3.6666666666666665,3.6666666666666665,3.333333333333333,3.666666666666667,4.166666666666666,3.6666666666666674,6400.0
일반원룸,원룸,노고산동,마포구 노고산동 4-59,마포구 신촌로24안길 4,"126.9416704147,37.5554970074,마포구 신촌로24안길 4",24,20,17,500.0,50.0,0.0,6.0,,10.0,0.0,2.0,0.0,2.0,1.0,8.0,0.0,3.0,4.0,,0.07602048423016647,4.333333333333333,5.0,4.0,4.333333333333333,4.0,4.0,4.0,4.666666666666667,3.3333333333333335,3.6666666666666665,4.333333333333333,3.6666666666666665,3.6666666666666665,3.6666666666666665,3.6666666666666665,3.6666666666666665,3.6666666666666665,4.333333333333333,4.291666666666666,3.5,4.0,3.7777777777777772,10500.0
스테이하이,원룸,노고산동,마포구 노고산동 56-107,마포구 신촌로12다길 20,"126.9336132897,37.5545701307,마포구 신촌로12다길 20",34,25,19,1500.0,80.0,0.0,,,40.0,8.0,2.0,0.0,2.0,2.0,10.0,0.0,1.0,1.0,,0.005007614488667131,3.0,4.666666666666667,3.6666666666666665,4.0,3.3333333333333335,3.3333333333333335,3.6666666666666665,3.6666666666666665,3.6666666666666665,3.6666666666666665,3.3333333333333335,4.333333333333333,3.6666666666666665,3.6666666666666665,3.6666666666666665,3.3333333333333335,3.6666666666666665,3.3333333333333335,3.6666666666666665,3.6666666666666665,3.833333333333333,3.5555555555555554,17500.0
르메이에르타운1차,원룸,노고산동,마포구 노고산동 57-18,마포구 서강로 137-7,"126.9354418563,37.5549099198,마포구 서강로 137-7",31,22,17,1000.0,50.0,0.0,,,32.0,9.0,43.0,1.0,2.0,4.0,13.0,0.0,3.0,0.0,,0.736308117534032,4.333333333333333,4.666666666666667,4.0,4.333333333333333,4.666666666666667,3.6666666666666665,4.333333333333333,4.333333333333333,4.0,4.0,4.333333333333333,3.6666666666666665,4.0,3.6666666666666665,4.0,4.0,4.0,4.666666666666667,4.291666666666666,4.0,4.0,4.055555555555555,11000.0
배꽃원룸텔,고시원,대현동,서대문구 대현동 54-5,서대문구 이화여대길 34,"126.9459462338,37.5584543135,서대문구 이화여대길 34",14,18,19,0.0,43.0,0.0,,,46.0,47.0,2.0,0.0,0.0,3.0,36.0,0.0,1.0,2.0,,0.5760384109808608,2.6666666666666665,2.6666666666666665,2.6666666666666665,3.0,3.3333333333333335,2.6666666666666665,3.3333333333333335,3.0,3.6666666666666665,3.0,3.0,3.3333333333333335,2.6666666666666665,2.6666666666666665,2.3333333333333335,3.3333333333333335,2.6666666666666665,3.0,2.916666666666667,3.333333333333333,3.166666666666667,2.7777777777777772,8600.0
소호하우스,고시원,대현동,서대문구 대현동 27-27,서대문구 신촌역로 20,"126.9431394806,37.5583773114,서대문구 신촌역로 20",17,14,23,0.0,54.0,0.0,3.25,,62.0,28.0,4.0,1.0,0.0,6.0,32.0,3.0,7.0,2.0,,1.3952807543960972,3.6666666666666665,3.6666666666666665,3.6666666666666665,4.333333333333333,3.3333333333333335,4.0,3.6666666666666665,3.6666666666666665,4.0,4.333333333333333,3.6666666666666665,4.0,3.3333333333333335,3.6666666666666665,4.0,3.3333333333333335,4.0,3.6666666666666665,3.75,4.166666666666666,3.833333333333333,3.6666666666666674,10800.0
오투레지던스,고시원,대현동,서대문구 대현동 101-12,서대문구 신촌역로 6,"126.9430995506,37.5573069076,서대문구 신촌역로 6",19,16,20,0.0,40.0,0.0,,,55.0,7.0,5.0,2.0,3.0,4.0,18.0,3.0,5.0,4.0,,1.4395402680631946,3.0,3.6666666666666665,3.3333333333333335,2.6666666666666665,2.6666666666666665,3.3333333333333335,3.3333333333333335,3.6666666666666665,3.6666666666666665,3.3333333333333335,3.3333333333333335,3.6666666666666665,3.3333333333333335,3.6666666666666665,3.6666666666666665,3.3333333333333335,3.6666666666666665,3.3333333333333335,3.208333333333333,3.5,3.5,3.5,8000.0
서울고시원,고시원,연희동,서대문구 연희동 344-56,서대문구 성산로 384-5,"126.9308174425,37.5624540514,서대문구 성산로 384-5",35,22,34,0.0,19.0,0.0,,,7.0,1.0,1.0,0.0,2.0,2.0,4.0,0.0,1.0,0.0,,-0.34958643643855714,2.6666666666666665,2.6666666666666665,3.0,2.6666666666666665,2.3333333333333335,3.0,2.6666666666666665,3.3333333333333335,3.6666666666666665,3.3333333333333335,4.333333333333333,4.333333333333333,3.6666666666666665,3.0,2.6666666666666665,3.6666666666666665,3.0,3.3333333333333335,2.791666666666667,3.5,4.333333333333333,3.222222222222222,3800.0
샘골리빙룸,고시원,연희동,서대문구 연희동 344-21,서대문구 성산로17길 7-29,"126.9315497562,37.5636762293,서대문구 성산로17길 7-29",35,23,35,0.0,37.0,0.0,,,4.0,0.0,1.0,0.0,0.0,1.0,1.0,0.0,1.0,0.0,,-0.6712544636075762,2.3333333333333335,2.6666666666666665,2.6666666666666665,2.6666666666666665,3.0,3.0,2.6666666666666665,3.3333333333333335,2.6666666666666665,2.6666666666666665,3.6666666666666665,3.6666666666666665,3.0,2.6666666666666665,2.6666666666666665,3.0,3.0,2.6666666666666665,2.7916666666666665,2.6666666666666665,3.6666666666666665,2.8333333333333335,7400.0
신촌고시원,고시원,창천동,서대문구 창천동 57-5,서대문구 연세로 7길 27,"126.9352267993,37.5575587343,서대문구 연세로 7길 27",28,19,22,0.0,33.0,0.0,,,74.0,13.0,1.0,0.0,0.0,5.0,23.0,1.0,7.0,1.0,,0.6688375646237402,2.3333333333333335,3.0,3.0,2.0,2.6666666666666665,3.0,3.3333333333333335,2.3333333333333335,3.3333333333333335,3.0,3.6666666666666665,4.0,3.0,2.6666666666666665,3.0,2.6666666666666665,2.6666666666666665,2.6666666666666665,2.708333333333333,3.166666666666667,3.833333333333333,2.7777777777777772,6600.0
멀티하우스 연대점,고시원,창천동,서대문구 창천동 31-21,서대문구 명물1길 16,"126.9373358566,37.5582194023,서대문구 명물1길 16",25,16,21,0.0,35.0,0.0,,,119.0,42.0,7.0,1.0,0.0,6.0,27.0,0.0,11.0,0.0,02-3146-1013,1.3622350573798028,3.3333333333333335,3.6666666666666665,3.6666666666666665,3.3333333333333335,4.0,3.6666666666666665,3.3333333333333335,3.6666666666666665,3.6666666666666665,3.6666666666666665,4.666666666666667,4.333333333333333,3.6666666666666665,3.3333333333333335,3.3333333333333335,3.3333333333333335,4.0,3.3333333333333335,3.583333333333333,3.6666666666666665,4.5,3.5,7000.0
노블레지던스,고시원,창천동,서대문구 창천동 5-21,서대문구 명물길 66,"126.9398659781,37.5588766439,서대문구 명물길 66",21,12,24,0.0,40.0,0.0,,,43.0,23.0,0.0,0.0,1.0,1.0,10.0,0.0,4.0,0.0,02-365-1566,-0.008585311959731622,4.0,3.6666666666666665,4.333333333333333,3.6666666666666665,3.3333333333333335,3.6666666666666665,4.0,3.3333333333333335,3.6666666666666665,3.6666666666666665,4.666666666666667,4.333333333333333,3.6666666666666665,3.3333333333333335,3.3333333333333335,3.6666666666666665,3.3333333333333335,3.3333333333333335,3.75,3.6666666666666665,4.5,3.444444444444444,8000.0
유니하우스,고시원,대신동,서대문구 대신동 85-5,서대문구 연대동문길 37,"126.9440994414,37.5641513563,서대문구 연대동문길 37",17,3,36,0.0,45.0,0.0,,,26.0,4.0,0.0,0.0,0.0,2.0,2.0,0.0,2.0,0.0,,-0.4347219307379547,3.6666666666666665,3.6666666666666665,3.6666666666666665,3.6666666666666665,3.6666666666666665,3.6666666666666665,3.6666666666666665,3.3333333333333335,2.6666666666666665,3.6666666666666665,4.666666666666667,4.333333333333333,3.6666666666666665,3.3333333333333335,3.6666666666666665,3.0,3.3333333333333335,3.0,3.625,3.1666666666666665,4.5,3.3333333333333335,9000.0
이지리빙텔,고시원,대신동,서대문구 대신동 16-15,서대문구 성산로 494-30,"126.9413766873,37.5606073177,서대문구 성산로 494-30",17,8,28,0.0,33.0,0.0,,,3.0,0.0,3.0,0.0,0.0,1.0,0.0,0.0,0.0,0.0,,-0.7009831157395419,2.6666666666666665,3.0,2.3333333333333335,3.3333333333333335,2.6666666666666665,2.3333333333333335,2.6666666666666665,2.6666666666666665,2.6666666666666665,3.0,3.6666666666666665,3.3333333333333335,3.0,2.6666666666666665,2.6666666666666665,2.6666666666666665,2.3333333333333335,2.3333333333333335,2.708333333333333,2.833333333333333,3.5,2.611111111111111,6600.0
신촌웰빙고시텔,고시원,대신동,서대문구 대신동 16-21,서대문구 성산로 486,"126.9412679372,37.5607297992,서대문구 성산로 486",18,8,29,0.0,39.0,0.0,,,3.0,0.0,3.0,0.0,0.0,1.0,0.0,0.0,0.0,0.0,,-0.7009831157395419,2.3333333333333335,2.6666666666666665,2.3333333333333335,2.3333333333333335,2.6666666666666665,2.6666666666666665,2.6666666666666665,2.3333333333333335,3.3333333333333335,3.0,3.6666666666666665,4.333333333333333,2.6666666666666665,2.6666666666666665,2.6666666666666665,2.6666666666666665,2.6666666666666665,3.0,2.5,3.166666666666667,4.0,2.722222222222222,7800.0
캔빌고시원,고시원,노고산동,마포구 노고산동 31-9,마포구 백범로1길 17,"126.9377824159,37.5547273728,마포구 백범로1길 17",29,21,14,1000.0,65.0,0.0,,,36.0,7.0,18.0,2.0,2.0,3.0,11.0,3.0,5.0,2.0,,1.0987336716462581,3.0,2.3333333333333335,2.3333333333333335,2.6666666666666665,2.6666666666666665,2.6666666666666665,2.6666666666666665,2.3333333333333335,3.6666666666666665,3.6666666666666665,3.6666666666666665,3.6666666666666665,3.0,3.0,2.3333333333333335,2.6666666666666665,2.6666666666666665,2.6666666666666665,2.583333333333333,3.6666666666666665,3.6666666666666665,2.722222222222222,14000.0
다솔베르크원룸텔,고시원,노고산동,마포구 노고산동 49-56,마포구 신촌로14길 6,"126.9337570619,37.5557991721,마포구 신촌로14길 6",32,23,19,0.0,45.0,0.0,,,43.0,11.0,32.0,5.0,4.0,3.0,16.0,0.0,6.0,2.0,,1.5870145197073797,3.3333333333333335,3.3333333333333335,2.6666666666666665,3.6666666666666665,3.3333333333333335,3.0,2.6666666666666665,3.0,3.6666666666666665,3.6666666666666665,4.666666666666667,4.0,3.3333333333333335,3.0,2.6666666666666665,2.6666666666666665,2.6666666666666665,2.6666666666666665,3.125,3.6666666666666665,4.333333333333334,2.8333333333333335,9000.0
이채하숙,하숙,대현동,서대문구 대현동 60-5,서대문구 이화여대길 50-10,"126.946294369,37.5590851703,서대문구 이화여대길 50-10",14,13,21,0.0,40.0,0.0,,,42.0,33.0,0.0,2.0,1.0,3.0,20.0,0.0,0.0,3.0,,0.6493530400167808,1.3333333333333333,1.3333333333333333,4.666666666666667,3.6666666666666665,2.0,3.6666666666666665,3.3333333333333335,3.3333333333333335,4.333333333333333,4.666666666666667,4.333333333333333,3.6666666666666665,2.6666666666666665,1.6666666666666667,2.6666666666666665,3.3333333333333335,3.3333333333333335,3.3333333333333335,2.9166666666666665,4.5,4.0,2.8333333333333335,8000.0
다룸,하숙,대현동,서대문구 대현동 53-35,서대문구 이화여대2나길 5,"126.9465172427,37.5576256562,서대문구 이화여대2나길 5",17,20,19,100.0,47.0,0.0,,,25.0,25.0,18.0,1.0,0.0,4.0,28.0,0.0,1.0,1.0,,0.49817447735502673,3.6666666666666665,3.3333333333333335,4.0,3.6666666666666665,2.3333333333333335,2.6666666666666665,2.6666666666666665,2.3333333333333335,3.6666666666666665,3.6666666666666665,4.333333333333333,3.6666666666666665,2.6666666666666665,3.0,2.6666666666666665,3.3333333333333335,3.3333333333333335,3.0,3.083333333333333,3.6666666666666665,4.0,3.0,9500.0
이화블로섬하우스,하숙,대현동,서대문구 대현동 90-36,서대문구 이화여대1안길 13,"126.9443533918,37.5575093285,서대문구 이화여대1안길 13",17,17,19,100.0,55.0,0.0,,,53.0,11.0,0.0,0.0,3.0,3.0,41.0,0.0,7.0,3.0,,0.926066518456642,2.6666666666666665,3.3333333333333335,1.6666666666666667,2.0,2.6666666666666665,3.0,2.6666666666666665,2.3333333333333335,3.6666666666666665,3.3333333333333335,3.6666666666666665,4.333333333333333,3.6666666666666665,3.3333333333333335,2.6666666666666665,3.6666666666666665,3.6666666666666665,4.333333333333333,2.541666666666667,3.5,4.0,3.5555555555555554,11100.0
지니하숙,하숙,창천동,서대문구 창천동 67-85,서대문구 신촌로11길 45,"126.9335462937,37.5586462048,서대문구 신촌로11길 45",29,19,24,0.0,30.0,0.0,,,9.0,5.0,0.0,0.0,1.0,3.0,4.0,0.0,1.0,1.0,,-0.2532791108139404,2.6666666666666665,3.6666666666666665,2.3333333333333335,3.3333333333333335,2.3333333333333335,3.3333333333333335,2.3333333333333335,2.6666666666666665,3.6666666666666665,3.6666666666666665,3.3333333333333335,3.6666666666666665,2.6666666666666665,2.3333333333333335,3.6666666666666665,2.6666666666666665,3.3333333333333335,4.333333333333333,2.8333333333333335,3.6666666666666665,3.5,3.1666666666666665,6000.0
월드컵하숙,하숙,창천동,서대문구 창천동 4-92,서대문구 연세로2다길 95,"126.9414686277,37.5588233895,서대문구 연세로2다길 95",19,13,25,0.0,43.0,0.0,,,20.0,9.0,1.0,0.0,0.0,3.0,5.0,0.0,2.0,1.0,,-0.21136753524757954,3.3333333333333335,3.3333333333333335,3.0,3.6666666666666665,1.6666666666666667,3.3333333333333335,3.6666666666666665,3.6666666666666665,3.6666666666666665,3.6666666666666665,4.333333333333333,3.6666666666666665,3.0,2.6666666666666665,2.6666666666666665,3.0,2.6666666666666665,2.0,3.208333333333333,3.6666666666666665,4.0,2.6666666666666665,8600.0
이연하숙,하숙,창천동,서대문구 창천동 4-81,서대문구 신촌역로 41-6,"126.9407488273,37.5588050105,서대문구 신촌역로 41-6",20,12,26,0.0,40.0,0.0,,,19.0,10.0,0.0,0.0,1.0,1.0,8.0,0.0,3.0,0.0,010-9145-4626,-0.28602886880721046,1.6666666666666667,2.6666666666666665,2.3333333333333335,2.3333333333333335,1.6666666666666667,2.6666666666666665,3.6666666666666665,3.6666666666666665,3.3333333333333335,3.0,3.6666666666666665,3.3333333333333335,2.0,1.6666666666666667,3.3333333333333335,2.6666666666666665,2.6666666666666665,3.6666666666666665,2.583333333333333,3.166666666666667,3.5,2.6666666666666665,8000.0
비바힐하숙,하숙,창천동,서대문구 창천동 4-103,서대문구 연세로2다길 27,"126.9396319799,37.5571249861,서대문구 연세로2다길 27",24,16,20,0.0,35.0,0.0,,,3.0,7.0,6.0,0.0,0.0,1.0,4.0,2.0,0.0,2.0,010-6432-8344,-0.13645348833232415,1.6666666666666667,3.3333333333333335,3.3333333333333335,2.6666666666666665,1.6666666666666667,2.3333333333333335,3.3333333333333335,3.3333333333333335,3.3333333333333335,3.6666666666666665,4.333333333333333,3.6666666666666665,2.3333333333333335,1.6666666666666667,2.3333333333333335,2.3333333333333335,2.6666666666666665,3.3333333333333335,2.7083333333333335,3.5,4.0,2.4444444444444446,7000.0
재혁이네 하숙집,하숙,대신동,서대문구 대신동 124-15,서대문구 봉원사길 11-1,"126.9462886175,37.5670968274,서대문구 봉원사길 11-1",17,10,42,0.0,40.0,0.0,,,4.0,2.0,1.0,1.0,1.0,4.0,2.0,0.0,0.0,0.0,,-0.25413637167952063,2.6666666666666665,3.3333333333333335,3.6666666666666665,3.3333333333333335,2.6666666666666665,3.3333333333333335,4.333333333333333,3.6666666666666665,3.6666666666666665,3.6666666666666665,3.6666666666666665,3.6666666666666665,2.6666666666666665,2.6666666666666665,2.6666666666666665,3.0,3.3333333333333335,3.3333333333333335,3.375,3.6666666666666665,3.6666666666666665,2.9444444444444446,8000.0
샬롬하숙,하숙,대신동,서대문구 대신동 119-4,서대문구 연대동문길 109,"126.9457908125,37.5667722414,서대문구 연대동문길 109",16,10,42,500.0,57.0,0.0,,,3.0,4.0,2.0,1.0,0.0,4.0,2.0,0.0,0.0,0.0,,-0.32909404480437926,2.6666666666666665,3.6666666666666665,3.6666666666666665,4.333333333333333,3.6666666666666665,3.6666666666666665,3.6666666666666665,3.3333333333333335,4.333333333333333,4.666666666666667,4.333333333333333,4.333333333333333,3.3333333333333335,2.6666666666666665,3.0,3.3333333333333335,3.3333333333333335,3.0,3.583333333333333,4.5,4.333333333333333,3.111111111111111,11900.0
동문하숙,하숙,대신동,서대문구 대신동 119-1,서대문구 연대동문길 111,"126.9459266306,37.5667867196,서대문구 연대동문길 111",16,9,42,0.0,50.0,0.0,,,4.0,3.0,0.0,2.0,0.0,3.0,1.0,0.0,0.0,1.0,,-0.2328041602383363,2.6666666666666665,4.333333333333333,3.6666666666666665,3.3333333333333335,2.6666666666666665,3.0,3.6666666666666665,3.6666666666666665,3.6666666666666665,3.6666666666666665,3.6666666666666665,4.666666666666667,2.6666666666666665,1.6666666666666667,2.3333333333333335,2.6666666666666665,3.6666666666666665,3.3333333333333335,3.375,3.6666666666666665,4.166666666666667,2.722222222222222,10000.0
선이네 하숙,하숙,대신동,서대문구 대신동 91-12,서대문구 연대동문길 55,"126.9448731589,37.5648004374,서대문구 연대동문길 55",18,4,38,1000.0,70.0,0.0,,,19.0,3.0,0.0,2.0,0.0,3.0,1.0,0.0,0.0,1.0,,-0.171644004772545,2.0,2.6666666666666665,1.6666666666666667,2.3333333333333335,1.6666666666666667,2.3333333333333335,3.6666666666666665,3.3333333333333335,3.3333333333333335,2.0,3.6666666666666665,3.3333333333333335,1.6666666666666667,1.3333333333333333,1.6666666666666667,2.6666666666666665,2.6666666666666665,1.3333333333333333,2.458333333333333,2.666666666666667,3.5,1.888888888888889,15000.0
꼭지네 하숙,하숙,대신동,서대문구 대신동 141-7,서대문구 봉원사길 41-7,"126.9456129278,37.568570547,서대문구 봉원사길 41-7",19,13,45,1000.0,65.0,0.0,,,1.0,0.0,0.0,0.0,0.0,0.0,0.0,0.0,0.0,0.0,,-0.8163185938945026,2.6666666666666665,3.0,1.3333333333333333,2.6666666666666665,1.6666666666666667,2.3333333333333335,3.3333333333333335,3.6666666666666665,3.6666666666666665,3.3333333333333335,3.6666666666666665,4.333333333333333,2.6666666666666665,2.6666666666666665,2.3333333333333335,2.6666666666666665,3.3333333333333335,3.3333333333333335,2.583333333333333,3.5,4.0,2.8333333333333335,14000.0
집밥하숙,하숙,노고산동,마포구 노고산동 31-42,마포구 신촌로20길 26,"126.9383849728,37.5541438423,마포구 신촌로20길 26",29,22,14,0.0,50.0,0.0,,,43.0,7.0,1.0,1.0,3.0,2.0,10.0,4.0,6.0,2.0,010-6353-3904,0.9985127206987405,1.6666666666666667,2.6666666666666665,2.6666666666666665,2.6666666666666665,1.3333333333333333,2.3333333333333335,2.6666666666666665,3.3333333333333335,2.6666666666666665,2.6666666666666665,3.3333333333333335,4.333333333333333,2.3333333333333335,2.0,2.6666666666666665,1.6666666666666667,2.3333333333333335,3.3333333333333335,2.416666666666667,2.6666666666666665,3.833333333333333,2.388888888888889,10000.0
비가온,쉐어하우스,대현동,서대문구 대현동 144,서대문구 이화여대길 50-12,"126.9465204639,37.5594528797,서대문구 이화여대길 50-12",15,14,22,70.0,42.0,6.5,,,25.0,22.0,0.0,2.0,1.0,2.0,12.0,0.0,0.0,3.0,,0.33734981454804636,2.3333333333333335,3.3333333333333335,4.333333333333333,4.333333333333333,3.3333333333333335,4.333333333333333,4.333333333333333,3.6666666666666665,4.333333333333333,3.6666666666666665,3.6666666666666665,3.3333333333333335,4.333333333333333,3.6666666666666665,3.0,3.3333333333333335,3.6666666666666665,2.6666666666666665,3.75,4.0,3.5,3.4444444444444446,9770.0
공상가 연세1호점,쉐어하우스,연희동,서대문구 연희동 305-5,서대문구 연희로10길 31,"126.9322406575,37.5656588192,서대문구 연희로10길 31",39,27,39,0.0,49.0,0.0,,,4.0,3.0,0.0,0.0,1.0,2.0,6.0,0.0,0.0,0.0,,-0.4800531788276728,2.6666666666666665,3.6666666666666665,3.6666666666666665,3.3333333333333335,3.6666666666666665,3.6666666666666665,4.333333333333333,4.333333333333333,3.6666666666666665,3.3333333333333335,3.6666666666666665,3.6666666666666665,4.333333333333333,4.666666666666667,3.6666666666666665,4.333333333333333,4.333333333333333,3.3333333333333335,3.6666666666666665,3.5,3.6666666666666665,4.111111111111111,9800.0
연희동 쉐어하우스1,쉐어하우스,연희동,서대문구 연희동 340-40,연희로10가길 51-27,"126.9316123594,37.5645304099,연희로10가길 51-27",37,25,37,750.0,29.0,0.0,,,1.0,2.0,1.0,0.0,0.0,2.0,3.0,0.0,0.0,0.0,,-0.6166606496470177,2.3333333333333335,3.3333333333333335,4.333333333333333,4.0,3.3333333333333335,4.333333333333333,4.333333333333333,3.6666666666666665,3.3333333333333335,3.6666666666666665,3.6666666666666665,3.6666666666666665,3.6666666666666665,3.3333333333333335,2.6666666666666665,3.6666666666666665,3.6666666666666665,3.0,3.708333333333333,3.5,3.6666666666666665,3.3333333333333335,6550.0
사라바 쉐어하우스,쉐어하우스,창천동,서대문구 창천동 52-156 3층,서대문구 연세로 11길 22 3층,"126.9356329728,37.5590257796,서대문구 연세로 11길 22 3층",26,16,24,30.0,47.0,0.0,,,66.0,11.0,3.0,0.0,0.0,5.0,12.0,0.0,3.0,0.0,,0.17023409308221793,3.3333333333333335,3.3333333333333335,4.333333333333333,3.6666666666666665,3.3333333333333335,3.6666666666666665,4.0,3.3333333333333335,2.6666666666666665,3.3333333333333335,4.666666666666667,4.333333333333333,3.6666666666666665,3.3333333333333335,3.3333333333333335,3.3333333333333335,3.6666666666666665,3.0,3.625,3.0,4.5,3.3888888888888893,9430.0
